filename,cycle_id,start_idx,end_idx,start_time,end_time,action_label,quality_label,abnormal_type,remark
emg_01_cpj_1.mat,1,0,7925,0.0,3.96,侧平举,不标准,疑似前束代偿,中束/前束RMS比值=0.85
emg_01_cpj_1.mat,2,7925,15748,3.96,7.87,侧平举,不标准,疑似前束代偿,中束/前束RMS比值=0.88
emg_01_cpj_1.mat,3,15748,23478,7.87,11.74,侧平举,不标准,疑似前束代偿,中束/前束RMS比值=0.93
emg_01_cpj_1.mat,4,23478,29607,11.74,14.8,侧平举,不标准,疑似前束代偿,中束/前束RMS比值=0.96
emg_01_cpj_1.mat,5,29607,36281,14.8,18.14,侧平举,不标准,疑似前束代偿,中束/前束RMS比值=0.97
emg_01_cpj_2.mat,1,0,6111,0.0,3.06,侧平举,不标准,其他不标准,中束/前束RMS比值=1.03
emg_01_cpj_2.mat,2,6111,15682,3.06,7.84,侧平举,不标准,其他不标准,中束/前束RMS比值=1.03
emg_01_cpj_2.mat,3,15682,21753,7.84,10.88,侧平举,不标准,疑似前束代偿,中束/前束RMS比值=0.95
emg_01_cpj_2.mat,4,21753,30897,10.88,15.45,侧平举,不标准,疑似前束代偿,中束/前束RMS比值=0.97
emg_01_cpj_2.mat,5,30897,36081,15.45,18.04,侧平举,不标准,其他不标准,中束/前束RMS比值=1.05
emg_01_qpj_1.mat,1,47,4862,0.02,2.43,前平举,标准,,
emg_01_qpj_1.mat,2,4862,15157,2.43,7.58,前平举,标准,,
emg_01_qpj_1.mat,3,15157,22312,7.58,11.16,前平举,标准,,
emg_01_qpj_1.mat,4,22312,30325,11.16,15.16,前平举,标准,,
emg_01_qpj_1.mat,5,30325,36349,15.16,18.17,前平举,标准,,
emg_01_qpj_2.mat,1,0,7221,0.0,3.61,前平举,标准,,
emg_01_qpj_2.mat,2,7221,14494,3.61,7.25,前平举,标准,,
emg_01_qpj_2.mat,3,14494,22903,7.25,11.45,前平举,标准,,
emg_01_qpj_2.mat,4,22903,29634,11.45,14.82,前平举,标准,,
emg_01_qpj_2.mat,5,29634,37949,14.82,18.97,前平举,标准,,
emg_01_qpj_2.mat,6,37949,43604,18.97,21.8,前平举,标准,,
emg_01_tj_1.mat,1,18,7197,0.01,3.6,推肩,标准,,
emg_01_tj_1.mat,2,7197,15258,3.6,7.63,推肩,标准,,
emg_01_tj_1.mat,3,15258,23917,7.63,11.96,推肩,标准,,
emg_01_tj_1.mat,4,23917,28825,11.96,14.41,推肩,标准,,
emg_01_tj_1.mat,5,28825,40482,14.41,20.24,推肩,标准,,
emg_01_tj_2.mat,1,0,10375,0.0,5.19,推肩,标准,,
emg_01_tj_2.mat,2,10375,15756,5.19,7.88,推肩,标准,,
emg_01_tj_2.mat,3,15756,26418,7.88,13.21,推肩,标准,,
emg_01_tj_2.mat,4,26418,32973,13.21,16.49,推肩,标准,,
emg_01_tj_2.mat,5,32973,39863,16.49,19.93,推肩,标准,,
emg_02_cpj_1.mat,1,0,5130,0.0,2.56,侧平举,标准,,
emg_02_cpj_1.mat,2,5130,13348,2.56,6.67,侧平举,标准,,
emg_02_cpj_1.mat,3,13348,20707,6.67,10.35,侧平举,标准,,
emg_02_cpj_1.mat,4,20707,30555,10.35,15.28,侧平举,标准,,
emg_02_cpj_1.mat,5,30555,40180,15.28,20.09,侧平举,标准,,
emg_02_cpj_2.mat,1,0,4551,0.0,2.28,侧平举,标准,,
emg_02_cpj_2.mat,2,4551,12347,2.28,6.17,侧平举,标准,,
emg_02_cpj_2.mat,3,12347,20188,6.17,10.09,侧平举,标准,,
emg_02_cpj_2.mat,4,20188,30454,10.09,15.23,侧平举,标准,,
emg_02_cpj_2.mat,5,30454,35309,15.23,17.65,侧平举,标准,,
emg_02_qpj_1.mat,1,0,6880,0.0,3.44,前平举,不标准,其他不标准,中束/前束RMS比值=0.85
emg_02_qpj_1.mat,2,6880,13278,3.44,6.64,前平举,标准,,
emg_02_qpj_1.mat,3,13278,22646,6.64,11.32,前平举,不标准,其他不标准,中束/前束RMS比值=0.91
emg_02_qpj_1.mat,4,22646,31255,11.32,15.63,前平举,标准,,
emg_02_qpj_2.mat,1,0,6759,0.0,3.38,前平举,不标准,其他不标准,中束/前束RMS比值=0.86
emg_02_qpj_2.mat,2,6759,15115,3.38,7.56,前平举,不标准,其他不标准,中束/前束RMS比值=0.91
emg_02_qpj_2.mat,3,15115,22824,7.56,11.41,前平举,不标准,其他不标准,中束/前束RMS比值=0.96
emg_02_qpj_2.mat,4,22824,30967,11.41,15.48,前平举,不标准,其他不标准,中束/前束RMS比值=0.89
emg_02_qpj_2.mat,5,30967,39279,15.48,19.64,前平举,不标准,其他不标准,中束/前束RMS比值=0.99
emg_02_tj_1.mat,1,0,5523,0.0,2.76,推肩,标准,,
emg_02_tj_1.mat,2,5523,15279,2.76,7.64,推肩,标准,,
emg_02_tj_1.mat,3,15279,23826,7.64,11.91,推肩,标准,,
emg_02_tj_1.mat,4,23826,30377,11.91,15.19,推肩,标准,,
emg_02_tj_1.mat,5,30377,40127,15.19,20.06,推肩,标准,,
emg_02_tj_2.mat,1,0,6874,0.0,3.44,推肩,标准,,
emg_02_tj_2.mat,2,6874,14111,3.44,7.06,推肩,标准,,
emg_02_tj_2.mat,3,14111,19116,7.06,9.56,推肩,标准,,
emg_02_tj_2.mat,4,19116,22838,9.56,11.42,推肩,标准,,
emg_02_tj_2.mat,5,22838,31019,11.42,15.51,推肩,标准,,
emg_02_tj_2.mat,6,31019,44141,15.51,22.07,推肩,标准,,
emg_03_cpj_1.mat,1,166,3969,0.08,1.98,侧平举,标准,,
emg_03_cpj_1.mat,2,3969,14894,1.98,7.45,侧平举,标准,,
emg_03_cpj_1.mat,3,14894,23093,7.45,11.55,侧平举,标准,,
emg_03_cpj_1.mat,4,23093,28075,11.55,14.04,侧平举,标准,,
emg_03_cpj_1.mat,5,28075,36362,14.04,18.18,侧平举,标准,,
emg_03_cpj_2.mat,1,0,4117,0.0,2.06,侧平举,标准,,
emg_03_cpj_2.mat,2,4117,14934,2.06,7.47,侧平举,标准,,
emg_03_cpj_2.mat,3,14934,20282,7.47,10.14,侧平举,标准,,
emg_03_cpj_2.mat,4,20282,30453,10.14,15.23,侧平举,标准,,
emg_03_cpj_2.mat,5,30453,36300,15.23,18.15,侧平举,标准,,
emg_03_qpj_1.mat,1,39,4909,0.02,2.45,前平举,标准,,
emg_03_qpj_1.mat,2,4909,12976,2.45,6.49,前平举,标准,,
emg_03_qpj_1.mat,3,12976,23745,6.49,11.87,前平举,标准,,
emg_03_qpj_1.mat,4,23745,29546,11.87,14.77,前平举,标准,,
emg_03_qpj_1.mat,5,29546,37700,14.77,18.85,前平举,标准,,
emg_03_qpj_1.mat,6,37700,45069,18.85,22.53,前平举,标准,,
emg_03_qpj_2.mat,1,0,5201,0.0,2.6,前平举,标准,,
emg_03_qpj_2.mat,2,5201,15205,2.6,7.6,前平举,标准,,
emg_03_qpj_2.mat,3,15205,20638,7.6,10.32,前平举,标准,,
emg_03_qpj_2.mat,4,20638,28975,10.32,14.49,前平举,标准,,
emg_03_qpj_2.mat,5,28975,39874,14.49,19.94,前平举,标准,,
emg_03_qpj_2.mat,6,39874,44253,19.94,22.13,前平举,标准,,
emg_03_tj_1.mat,1,0,4178,0.0,2.09,推肩,标准,,
emg_03_tj_1.mat,2,4178,14669,2.09,7.33,推肩,标准,,
emg_03_tj_1.mat,3,14669,19857,7.33,9.93,推肩,标准,,
emg_03_tj_1.mat,4,19857,27608,9.93,13.8,推肩,标准,,
emg_03_tj_1.mat,5,27608,40516,13.8,20.26,推肩,标准,,
emg_03_tj_2.mat,1,0,4266,0.0,2.13,推肩,标准,,
emg_03_tj_2.mat,2,4266,15695,2.13,7.85,推肩,标准,,
emg_03_tj_2.mat,3,15695,21871,7.85,10.94,推肩,标准,,
emg_03_tj_2.mat,4,21871,33093,10.94,16.55,推肩,标准,,
emg_03_tj_2.mat,5,33093,38647,16.55,19.32,推肩,标准,,
emg_03_tj_2.mat,6,38647,44950,19.32,22.48,推肩,标准,,
emg_04_cpj_1.mat,1,1,4648,0.0,2.32,侧平举,不标准,疑似前束代偿,中束/前束RMS比值=0.89
emg_04_cpj_1.mat,2,4648,15567,2.32,7.78,侧平举,不标准,疑似前束代偿,中束/前束RMS比值=0.96
emg_04_cpj_1.mat,3,15567,22044,7.78,11.02,侧平举,不标准,疑似前束代偿,中束/前束RMS比值=1.00
emg_04_cpj_1.mat,4,22044,30411,11.02,15.21,侧平举,不标准,疑似前束代偿,中束/前束RMS比值=0.95
emg_04_cpj_1.mat,5,30411,36721,15.21,18.36,侧平举,不标准,疑似前束代偿,中束/前束RMS比值=0.87
emg_04_cpj_2.mat,1,0,7686,0.0,3.84,侧平举,不标准,疑似前束代偿,中束/前束RMS比值=0.86
emg_04_cpj_2.mat,2,7686,12352,3.84,6.18,侧平举,不标准,疑似前束代偿,中束/前束RMS比值=0.93
emg_04_cpj_2.mat,3,12352,20280,6.18,10.14,侧平举,不标准,疑似前束代偿,中束/前束RMS比值=0.98
emg_04_cpj_2.mat,4,20280,28122,10.14,14.06,侧平举,不标准,疑似前束代偿,中束/前束RMS比值=0.86
emg_04_cpj_2.mat,5,28122,38275,14.06,19.14,侧平举,不标准,疑似前束代偿,中束/前束RMS比值=0.99
emg_04_qpj_1.mat,1,0,7793,0.0,3.9,前平举,不标准,其他不标准,中束/前束RMS比值=0.81
emg_04_qpj_1.mat,2,7793,13544,3.9,6.77,前平举,不标准,其他不标准,中束/前束RMS比值=0.81
emg_04_qpj_1.mat,3,13544,22263,6.77,11.13,前平举,不标准,其他不标准,中束/前束RMS比值=0.81
emg_04_qpj_1.mat,4,22263,29517,11.13,14.76,前平举,不标准,其他不标准,中束/前束RMS比值=0.97
emg_04_qpj_1.mat,5,29517,38225,14.76,19.11,前平举,不标准,其他不标准,中束/前束RMS比值=0.90
emg_04_qpj_2.mat,1,0,5774,0.0,2.89,前平举,标准,,
emg_04_qpj_2.mat,2,5774,13607,2.89,6.8,前平举,不标准,其他不标准,中束/前束RMS比值=0.92
emg_04_qpj_2.mat,3,13607,22041,6.8,11.02,前平举,不标准,其他不标准,中束/前束RMS比值=0.84
emg_04_qpj_2.mat,4,22041,26277,11.02,13.14,前平举,不标准,其他不标准,中束/前束RMS比值=0.95
emg_04_qpj_2.mat,5,26277,39334,13.14,19.67,前平举,不标准,其他不标准,中束/前束RMS比值=0.92
emg_04_tj_1.mat,1,2444,13828,1.22,6.91,推肩,标准,,
emg_04_tj_1.mat,2,13828,23089,6.91,11.54,推肩,标准,,
emg_04_tj_1.mat,3,23089,31223,11.54,15.61,推肩,标准,,
emg_04_tj_1.mat,4,31223,34927,15.61,17.46,推肩,标准,,
emg_04_tj_1.mat,5,34927,40145,17.46,20.07,推肩,标准,,
emg_04_tj_2.mat,1,0,5803,0.0,2.9,推肩,标准,,
emg_04_tj_2.mat,2,5803,12362,2.9,6.18,推肩,标准,,
emg_04_tj_2.mat,3,12362,23439,6.18,11.72,推肩,标准,,
emg_04_tj_2.mat,4,23439,29585,11.72,14.79,推肩,标准,,
emg_04_tj_2.mat,5,29585,37377,14.79,18.69,推肩,标准,,
emg_04_tj_2.mat,6,37377,41761,18.69,20.88,推肩,标准,,
emg_05_cpj_1.mat,1,31,5800,0.02,2.9,侧平举,标准,,
emg_05_cpj_1.mat,2,5800,16046,2.9,8.02,侧平举,标准,,
emg_05_cpj_1.mat,3,16046,24069,8.02,12.03,侧平举,标准,,
emg_05_cpj_1.mat,4,24069,29527,12.03,14.76,侧平举,标准,,
emg_05_cpj_1.mat,5,29527,37018,14.76,18.51,侧平举,标准,,
emg_05_cpj_2.mat,1,1163,6470,0.58,3.24,侧平举,标准,,
emg_05_cpj_2.mat,2,6470,15018,3.24,7.51,侧平举,标准,,
emg_05_cpj_2.mat,3,15018,22518,7.51,11.26,侧平举,标准,,
emg_05_cpj_2.mat,4,22518,29853,11.26,14.93,侧平举,标准,,
emg_05_cpj_2.mat,5,29853,38303,14.93,19.15,侧平举,标准,,
emg_05_qpj_1.mat,1,0,7099,0.0,3.55,前平举,不标准,疑似中束代偿,中束/前束RMS比值=1.25
emg_05_qpj_1.mat,2,7099,14516,3.55,7.26,前平举,不标准,其他不标准,中束/前束RMS比值=0.93
emg_05_qpj_1.mat,3,14516,22720,7.26,11.36,前平举,不标准,其他不标准,中束/前束RMS比值=0.98
emg_05_qpj_1.mat,4,22720,30108,11.36,15.05,前平举,不标准,疑似中束代偿,中束/前束RMS比值=1.05
emg_05_qpj_1.mat,5,30108,38082,15.05,19.04,前平举,不标准,疑似中束代偿,中束/前束RMS比值=1.21
emg_05_qpj_2.mat,1,0,10987,0.0,5.49,前平举,不标准,疑似中束代偿,中束/前束RMS比值=1.35
emg_05_qpj_2.mat,2,10987,18562,5.49,9.28,前平举,不标准,疑似中束代偿,中束/前束RMS比值=1.13
emg_05_qpj_2.mat,3,18562,26336,9.28,13.17,前平举,不标准,疑似中束代偿,中束/前束RMS比值=1.22
emg_05_qpj_2.mat,4,26336,35150,13.17,17.58,前平举,不标准,疑似中束代偿,中束/前束RMS比值=1.40
emg_05_qpj_2.mat,5,35150,41359,17.58,20.68,前平举,不标准,疑似中束代偿,中束/前束RMS比值=1.39
emg_05_tj_1.mat,1,0,4279,0.0,2.14,推肩,标准,,
emg_05_tj_1.mat,2,4279,15494,2.14,7.75,推肩,标准,,
emg_05_tj_1.mat,3,15494,24303,7.75,12.15,推肩,标准,,
emg_05_tj_1.mat,4,24303,31480,12.15,15.74,推肩,标准,,
emg_05_tj_1.mat,5,31480,38122,15.74,19.06,推肩,标准,,
emg_05_tj_2.mat,1,0,4406,0.0,2.2,推肩,不标准,疑似中束代偿,中束/前束RMS比值=1.06
emg_05_tj_2.mat,2,4406,12466,2.2,6.23,推肩,标准,,
emg_05_tj_2.mat,3,12466,19980,6.23,9.99,推肩,标准,,
emg_05_tj_2.mat,4,19980,28242,9.99,14.12,推肩,标准,,
emg_05_tj_2.mat,5,28242,35820,14.12,17.91,推肩,标准,,
emg_06_cpj_1.mat,1,0,7773,0.0,3.89,侧平举,不标准,疑似前束代偿,中束/前束RMS比值=0.67
emg_06_cpj_1.mat,2,7773,15828,3.89,7.91,侧平举,不标准,疑似前束代偿,中束/前束RMS比值=0.55
emg_06_cpj_1.mat,3,15828,22894,7.91,11.45,侧平举,不标准,疑似前束代偿,中束/前束RMS比值=0.65
emg_06_cpj_1.mat,4,22894,30557,11.45,15.28,侧平举,不标准,疑似前束代偿,中束/前束RMS比值=0.62
emg_06_cpj_1.mat,5,30557,36547,15.28,18.27,侧平举,不标准,疑似前束代偿,中束/前束RMS比值=0.63
emg_06_cpj_2.mat,1,734,6890,0.37,3.44,侧平举,不标准,疑似前束代偿,中束/前束RMS比值=0.55
emg_06_cpj_2.mat,2,6890,14652,3.44,7.33,侧平举,不标准,疑似前束代偿,中束/前束RMS比值=0.57
emg_06_cpj_2.mat,3,14652,23122,7.33,11.56,侧平举,不标准,疑似前束代偿,中束/前束RMS比值=0.59
emg_06_cpj_2.mat,4,23122,31708,11.56,15.85,侧平举,不标准,疑似前束代偿,中束/前束RMS比值=0.54
emg_06_cpj_2.mat,5,31708,36943,15.85,18.47,侧平举,不标准,疑似前束代偿,中束/前束RMS比值=0.63
emg_06_qpj_1.mat,1,67,7459,0.03,3.73,前平举,标准,,
emg_06_qpj_1.mat,2,7459,15661,3.73,7.83,前平举,标准,,
emg_06_qpj_1.mat,3,15661,24009,7.83,12.0,前平举,标准,,
emg_06_qpj_1.mat,4,24009,31752,12.0,15.88,前平举,标准,,
emg_06_qpj_1.mat,5,31752,36479,15.88,18.24,前平举,标准,,
emg_06_qpj_2.mat,1,0,7149,0.0,3.57,前平举,标准,,
emg_06_qpj_2.mat,2,7149,15097,3.57,7.55,前平举,标准,,
emg_06_qpj_2.mat,3,15097,23162,7.55,11.58,前平举,标准,,
emg_06_qpj_2.mat,4,23162,31244,11.58,15.62,前平举,标准,,
emg_06_qpj_2.mat,5,31244,35691,15.62,17.85,前平举,标准,,
emg_06_tj_1.mat,1,0,7981,0.0,3.99,推肩,标准,,
emg_06_tj_1.mat,2,7981,14919,3.99,7.46,推肩,标准,,
emg_06_tj_1.mat,3,14919,23935,7.46,11.97,推肩,标准,,
emg_06_tj_1.mat,4,23935,29029,11.97,14.51,推肩,标准,,
emg_06_tj_1.mat,5,29029,40218,14.51,20.11,推肩,标准,,
emg_06_tj_1.mat,6,40218,48600,20.11,24.3,推肩,标准,,
emg_06_tj_2.mat,1,0,6504,0.0,3.25,推肩,标准,,
emg_06_tj_2.mat,2,6504,14572,3.25,7.29,推肩,标准,,
emg_06_tj_2.mat,3,14572,21702,7.29,10.85,推肩,标准,,
emg_06_tj_2.mat,4,21702,30653,10.85,15.33,推肩,标准,,
emg_06_tj_2.mat,5,30653,39276,15.33,19.64,推肩,标准,,
emg_07_qpj_1.mat,1,0,7819,0.0,3.91,前平举,标准,,
emg_07_qpj_1.mat,2,7819,15613,3.91,7.81,前平举,标准,,
emg_07_qpj_1.mat,3,15613,23206,7.81,11.6,前平举,标准,,
emg_07_qpj_1.mat,4,23206,31418,11.6,15.71,前平举,标准,,
emg_07_qpj_1.mat,5,31418,36773,15.71,18.39,前平举,标准,,
emg_07_qpj_2.mat,1,0,7275,0.0,3.64,前平举,标准,,
emg_07_qpj_2.mat,2,7275,15641,3.64,7.82,前平举,标准,,
emg_07_qpj_2.mat,3,15641,23149,7.82,11.57,前平举,标准,,
emg_07_qpj_2.mat,4,23149,31141,11.57,15.57,前平举,标准,,
emg_07_qpj_2.mat,5,31141,39061,15.57,19.53,前平举,标准,,
emg_07_qpj_2.mat,6,39061,43825,19.53,21.91,前平举,标准,,
emg_07_tj_1.mat,1,0,6632,0.0,3.32,推肩,标准,,
emg_07_tj_1.mat,2,6632,13472,3.32,6.74,推肩,标准,,
emg_07_tj_1.mat,3,13472,19897,6.74,9.95,推肩,标准,,
emg_07_tj_1.mat,4,19897,29800,9.95,14.9,推肩,标准,,
emg_07_tj_1.mat,5,29800,39764,14.9,19.88,推肩,标准,,
emg_07_tj_2.mat,1,0,6337,0.0,3.17,推肩,标准,,
emg_07_tj_2.mat,2,6337,14674,3.17,7.34,推肩,标准,,
emg_07_tj_2.mat,3,14674,22762,7.34,11.38,推肩,标准,,
emg_07_tj_2.mat,4,22762,30304,11.38,15.15,推肩,标准,,
emg_07_tj_2.mat,5,30304,40169,15.15,20.08,推肩,标准,,
emg_08_qpj_1.mat,1,0,7630,0.0,3.82,前平举,标准,,
emg_08_qpj_1.mat,2,7630,15371,3.82,7.69,前平举,标准,,
emg_08_qpj_1.mat,3,15371,23166,7.69,11.58,前平举,标准,,
emg_08_qpj_1.mat,4,23166,32111,11.58,16.06,前平举,标准,,
emg_08_qpj_1.mat,5,32111,40589,16.06,20.29,前平举,标准,,
emg_08_qpj_2.mat,1,1501,7577,0.75,3.79,前平举,标准,,
emg_08_qpj_2.mat,2,7577,14435,3.79,7.22,前平举,标准,,
emg_08_qpj_2.mat,3,14435,22779,7.22,11.39,前平举,标准,,
emg_08_qpj_2.mat,4,22779,30894,11.39,15.45,前平举,标准,,
emg_08_qpj_2.mat,5,30894,39363,15.45,19.68,前平举,标准,,
emg_08_qpj_2.mat,6,39363,44614,19.68,22.31,前平举,标准,,
emg_09_cpj_1.mat,1,7544,14497,3.77,7.25,侧平举,标准,,不同哑铃重量: 5kg (数据丰富性)
emg_09_cpj_1.mat,2,14497,22941,7.25,11.47,侧平举,标准,,不同哑铃重量: 5kg (数据丰富性)
emg_09_cpj_1.mat,3,22941,29635,11.47,14.82,侧平举,标准,,不同哑铃重量: 5kg (数据丰富性)
emg_09_cpj_1.mat,4,29635,39616,14.82,19.81,侧平举,标准,,不同哑铃重量: 5kg (数据丰富性)
emg_09_cpj_1.mat,5,39616,46737,19.81,23.37,侧平举,标准,,不同哑铃重量: 5kg (数据丰富性)
emg_09_cpj_1.mat,6,46737,52870,23.37,26.43,侧平举,标准,,不同哑铃重量: 5kg (数据丰富性)
emg_09_qpj_1.mat,1,0,7682,0.0,3.84,前平举,标准,,不同哑铃重量: 5kg (数据丰富性)
emg_09_qpj_1.mat,2,7682,14777,3.84,7.39,前平举,标准,,不同哑铃重量: 5kg (数据丰富性)
emg_09_qpj_1.mat,3,14777,23195,7.39,11.6,前平举,标准,,不同哑铃重量: 5kg (数据丰富性)
emg_09_qpj_1.mat,4,23195,30370,11.6,15.18,前平举,标准,,不同哑铃重量: 5kg (数据丰富性)
emg_09_qpj_1.mat,5,30370,39655,15.18,19.83,前平举,标准,,不同哑铃重量: 5kg (数据丰富性)
emg_09_qpj_1.mat,6,39655,45756,19.83,22.88,前平举,标准,,不同哑铃重量: 5kg (数据丰富性)
emg_09_tj_1.mat,1,0,6958,0.0,3.48,推肩,标准,,不同哑铃重量: 5kg (数据丰富性)
emg_09_tj_1.mat,2,6958,12516,3.48,6.26,推肩,标准,,不同哑铃重量: 5kg (数据丰富性)
emg_09_tj_1.mat,3,12516,19688,6.26,9.84,推肩,标准,,不同哑铃重量: 5kg (数据丰富性)
emg_09_tj_1.mat,4,19688,31988,9.84,15.99,推肩,标准,,不同哑铃重量: 5kg (数据丰富性)
emg_09_tj_1.mat,5,31988,40177,15.99,20.09,推肩,标准,,不同哑铃重量: 5kg (数据丰富性)
emg_10_cpj_1.mat,1,79,5738,0.04,2.87,侧平举,不标准,其他不标准,有意做不标准动作; 中束/前束RMS比值=1.02
emg_10_cpj_1.mat,2,5738,14885,2.87,7.44,侧平举,不标准,疑似前束代偿,有意做不标准动作; 中束/前束RMS比值=0.96
emg_10_cpj_1.mat,3,14885,23221,7.44,11.61,侧平举,不标准,其他不标准,有意做不标准动作; 中束/前束RMS比值=1.02
emg_10_cpj_1.mat,4,23221,30955,11.61,15.48,侧平举,不标准,疑似前束代偿,有意做不标准动作; 中束/前束RMS比值=1.00
emg_10_cpj_1.mat,5,30955,36805,15.48,18.4,侧平举,不标准,疑似前束代偿,有意做不标准动作; 中束/前束RMS比值=0.91
emg_10_cpj_2.mat,1,104,4743,0.05,2.37,侧平举,不标准,其他不标准,有意做不标准动作; 中束/前束RMS比值=1.06
emg_10_cpj_2.mat,2,4743,13357,2.37,6.68,侧平举,不标准,其他不标准,有意做不标准动作; 中束/前束RMS比值=1.22
emg_10_cpj_2.mat,3,13357,21622,6.68,10.81,侧平举,不标准,其他不标准,有意做不标准动作; 中束/前束RMS比值=1.05
emg_10_cpj_2.mat,4,21622,30051,10.81,15.03,侧平举,不标准,其他不标准,有意做不标准动作; 中束/前束RMS比值=1.10
emg_10_cpj_2.mat,5,30051,36378,15.03,18.19,侧平举,不标准,其他不标准,有意做不标准动作; 中束/前束RMS比值=1.13
emg_10_qpj_1.mat,1,44,6796,0.02,3.4,前平举,不标准,其他不标准,有意做不标准动作; 比值正常(0.61)但受试者已知不标准
emg_10_qpj_1.mat,2,6796,14524,3.4,7.26,前平举,不标准,其他不标准,有意做不标准动作; 比值正常(0.69)但受试者已知不标准
emg_10_qpj_1.mat,3,14524,22754,7.26,11.38,前平举,不标准,其他不标准,有意做不标准动作; 比值正常(0.71)但受试者已知不标准
emg_10_qpj_1.mat,4,22754,29753,11.38,14.88,前平举,不标准,其他不标准,有意做不标准动作; 中束/前束RMS比值=0.80
emg_10_qpj_1.mat,5,29753,36118,14.88,18.06,前平举,不标准,其他不标准,有意做不标准动作; 比值正常(0.74)但受试者已知不标准
emg_10_qpj_2.mat,1,0,5577,0.0,2.79,前平举,不标准,其他不标准,有意做不标准动作; 中束/前束RMS比值=0.93
emg_10_qpj_2.mat,2,5577,14193,2.79,7.1,前平举,不标准,其他不标准,有意做不标准动作; 中束/前束RMS比值=0.83
emg_10_qpj_2.mat,3,14193,22238,7.1,11.12,前平举,不标准,疑似中束代偿,有意做不标准动作; 中束/前束RMS比值=1.07
emg_10_qpj_2.mat,4,22238,30858,11.12,15.43,前平举,不标准,其他不标准,有意做不标准动作; 中束/前束RMS比值=0.80
emg_10_qpj_2.mat,5,30858,35575,15.43,17.79,前平举,不标准,其他不标准,有意做不标准动作; 中束/前束RMS比值=0.89
emg_10_tj_1.mat,1,0,6032,0.0,3.02,推肩,不标准,其他不标准,有意做不标准动作; 比值正常(0.54)但受试者已知不标准
emg_10_tj_1.mat,2,6032,16199,3.02,8.1,推肩,不标准,其他不标准,有意做不标准动作; 比值正常(0.56)但受试者已知不标准
emg_10_tj_1.mat,3,16199,22177,8.1,11.09,推肩,不标准,其他不标准,有意做不标准动作; 比值正常(0.60)但受试者已知不标准
emg_10_tj_1.mat,4,22177,28476,11.09,14.24,推肩,不标准,其他不标准,有意做不标准动作; 比值正常(0.56)但受试者已知不标准
emg_10_tj_1.mat,5,28476,39724,14.24,19.86,推肩,不标准,其他不标准,有意做不标准动作; 比值正常(0.51)但受试者已知不标准
emg_10_tj_2.mat,1,0,6331,0.0,3.17,推肩,不标准,其他不标准,有意做不标准动作; 比值正常(0.50)但受试者已知不标准
emg_10_tj_2.mat,2,6331,14986,3.17,7.49,推肩,不标准,其他不标准,有意做不标准动作; 比值正常(0.53)但受试者已知不标准
emg_10_tj_2.mat,3,14986,21520,7.49,10.76,推肩,不标准,其他不标准,有意做不标准动作; 比值正常(0.60)但受试者已知不标准
emg_10_tj_2.mat,4,21520,28838,10.76,14.42,推肩,不标准,其他不标准,有意做不标准动作; 比值正常(0.54)但受试者已知不标准
emg_10_tj_2.mat,5,28838,35603,14.42,17.8,推肩,不标准,其他不标准,有意做不标准动作; 比值正常(0.58)但受试者已知不标准
emg_11_cpj_1.mat,1,26,4320,0.01,2.16,侧平举,标准,,不按节拍 (测试寻峰能力)
emg_11_cpj_1.mat,2,4320,9802,2.16,4.9,侧平举,标准,,不按节拍 (测试寻峰能力)
emg_11_cpj_1.mat,3,9802,14992,4.9,7.5,侧平举,标准,,不按节拍 (测试寻峰能力)
emg_11_cpj_1.mat,4,14992,20079,7.5,10.04,侧平举,标准,,不按节拍 (测试寻峰能力)
emg_11_cpj_1.mat,5,20079,24946,10.04,12.47,侧平举,标准,,不按节拍 (测试寻峰能力)
emg_11_qpj_1.mat,1,0,4939,0.0,2.47,前平举,不标准,疑似中束代偿,中束/前束RMS比值=1.34; 不按节拍 (测试寻峰能力)
emg_11_qpj_1.mat,2,4939,10604,2.47,5.3,前平举,不标准,其他不标准,中束/前束RMS比值=0.98; 不按节拍 (测试寻峰能力)
emg_11_qpj_1.mat,3,10604,16636,5.3,8.32,前平举,不标准,疑似中束代偿,中束/前束RMS比值=1.08; 不按节拍 (测试寻峰能力)
emg_11_qpj_1.mat,4,16636,22440,8.32,11.22,前平举,不标准,其他不标准,中束/前束RMS比值=0.91; 不按节拍 (测试寻峰能力)
emg_11_qpj_1.mat,5,22440,28340,11.22,14.17,前平举,不标准,疑似中束代偿,中束/前束RMS比值=1.08; 不按节拍 (测试寻峰能力)
emg_11_tj_1.mat,1,0,6879,0.0,3.44,推肩,不标准,疑似中束代偿,中束/前束RMS比值=1.14; 不按节拍 (测试寻峰能力)
emg_11_tj_1.mat,2,6879,16598,3.44,8.3,推肩,不标准,其他不标准,中束/前束RMS比值=0.97; 不按节拍 (测试寻峰能力)
emg_11_tj_1.mat,3,16598,22157,8.3,11.08,推肩,不标准,疑似中束代偿,中束/前束RMS比值=1.32; 不按节拍 (测试寻峰能力)
emg_11_tj_1.mat,4,22157,28527,11.08,14.26,推肩,不标准,疑似中束代偿,中束/前束RMS比值=1.27; 不按节拍 (测试寻峰能力)
emg_12_cpj_1.mat,1,0,6305,0.0,3.15,侧平举,不标准,其他不标准,有意做不标准动作; 比值正常(1.98)但受试者已知不标准
emg_12_cpj_1.mat,2,6305,14812,3.15,7.41,侧平举,不标准,其他不标准,有意做不标准动作; 比值正常(1.84)但受试者已知不标准
emg_12_cpj_1.mat,3,14812,23323,7.41,11.66,侧平举,不标准,其他不标准,有意做不标准动作; 比值正常(1.67)但受试者已知不标准
emg_12_cpj_1.mat,4,23323,29804,11.66,14.9,侧平举,不标准,其他不标准,有意做不标准动作; 比值正常(1.97)但受试者已知不标准
emg_12_cpj_1.mat,5,29804,35511,14.9,17.76,侧平举,不标准,其他不标准,有意做不标准动作; 比值正常(1.90)但受试者已知不标准
emg_12_cpj_2.mat,1,33,6253,0.02,3.13,侧平举,不标准,其他不标准,有意做不标准动作; 比值正常(1.92)但受试者已知不标准
emg_12_cpj_2.mat,2,6253,12862,3.13,6.43,侧平举,不标准,其他不标准,有意做不标准动作; 比值正常(1.91)但受试者已知不标准
emg_12_cpj_2.mat,3,12862,20717,6.43,10.36,侧平举,不标准,其他不标准,有意做不标准动作; 比值正常(1.34)但受试者已知不标准
emg_12_cpj_2.mat,4,20717,30334,10.36,15.17,侧平举,不标准,其他不标准,有意做不标准动作; 比值正常(2.17)但受试者已知不标准
emg_12_cpj_2.mat,5,30334,35233,15.17,17.62,侧平举,不标准,其他不标准,有意做不标准动作; 比值正常(1.61)但受试者已知不标准
emg_12_qpj_1.mat,1,647,6650,0.32,3.32,前平举,不标准,疑似中束代偿,有意做不标准动作; 中束/前束RMS比值=1.50
emg_12_qpj_1.mat,2,6650,15396,3.32,7.7,前平举,不标准,疑似中束代偿,有意做不标准动作; 中束/前束RMS比值=1.27
emg_12_qpj_1.mat,3,15396,22878,7.7,11.44,前平举,不标准,疑似中束代偿,有意做不标准动作; 中束/前束RMS比值=1.62
emg_12_qpj_1.mat,4,22878,29234,11.44,14.62,前平举,不标准,疑似中束代偿,有意做不标准动作; 中束/前束RMS比值=1.51
emg_12_qpj_2.mat,1,150,5597,0.07,2.8,前平举,不标准,其他不标准,有意做不标准动作; 比值正常(0.77)但受试者已知不标准
emg_12_qpj_2.mat,2,5597,14572,2.8,7.29,前平举,不标准,疑似中束代偿,有意做不标准动作; 中束/前束RMS比值=1.17
emg_12_qpj_2.mat,3,14572,22590,7.29,11.3,前平举,不标准,疑似中束代偿,有意做不标准动作; 中束/前束RMS比值=1.61
emg_12_qpj_2.mat,4,22590,30864,11.3,15.43,前平举,不标准,疑似中束代偿,有意做不标准动作; 中束/前束RMS比值=1.49
emg_12_qpj_2.mat,5,30864,36520,15.43,18.26,前平举,不标准,疑似中束代偿,有意做不标准动作; 中束/前束RMS比值=1.23
emg_12_tj_1.mat,1,1,6579,0.0,3.29,推肩,不标准,其他不标准,有意做不标准动作; 比值正常(0.78)但受试者已知不标准
emg_12_tj_1.mat,2,6579,14306,3.29,7.15,推肩,不标准,其他不标准,有意做不标准动作; 中束/前束RMS比值=0.85
emg_12_tj_1.mat,3,14306,22480,7.15,11.24,推肩,不标准,其他不标准,有意做不标准动作; 中束/前束RMS比值=0.93
emg_12_tj_1.mat,4,22480,31292,11.24,15.65,推肩,不标准,其他不标准,有意做不标准动作; 中束/前束RMS比值=0.94
emg_12_tj_1.mat,5,31292,37952,15.65,18.98,推肩,不标准,其他不标准,有意做不标准动作; 中束/前束RMS比值=0.98
emg_12_tj_2.mat,1,0,5052,0.0,2.53,推肩,不标准,其他不标准,有意做不标准动作; 中束/前束RMS比值=0.93
emg_12_tj_2.mat,2,5052,13629,2.53,6.81,推肩,不标准,其他不标准,有意做不标准动作; 比值正常(0.78)但受试者已知不标准
emg_12_tj_2.mat,3,13629,22883,6.81,11.44,推肩,不标准,其他不标准,有意做不标准动作; 中束/前束RMS比值=0.91
emg_12_tj_2.mat,4,22883,29953,11.44,14.98,推肩,不标准,其他不标准,有意做不标准动作; 中束/前束RMS比值=0.93
emg_12_tj_2.mat,5,29953,38829,14.98,19.41,推肩,不标准,疑似中束代偿,有意做不标准动作; 中束/前束RMS比值=1.00
emg_12_tj_2.mat,6,38829,44185,19.41,22.09,推肩,不标准,其他不标准,有意做不标准动作; 比值正常(0.74)但受试者已知不标准
emg_13_cpj_1.mat,1,2761,7244,1.38,3.62,侧平举,标准,,不同哑铃重量: 3kg (数据丰富性); 不按节拍 (测试寻峰能力)
emg_13_cpj_1.mat,2,7244,11725,3.62,5.86,侧平举,标准,,不同哑铃重量: 3kg (数据丰富性); 不按节拍 (测试寻峰能力)
emg_13_cpj_1.mat,3,11725,16402,5.86,8.2,侧平举,标准,,不同哑铃重量: 3kg (数据丰富性); 不按节拍 (测试寻峰能力)
emg_13_cpj_1.mat,4,16402,21542,8.2,10.77,侧平举,标准,,不同哑铃重量: 3kg (数据丰富性); 不按节拍 (测试寻峰能力)
emg_13_qpj_1.mat,1,0,4296,0.0,2.15,前平举,标准,,不同哑铃重量: 3kg (数据丰富性); 不按节拍 (测试寻峰能力)
emg_13_qpj_1.mat,2,4296,9243,2.15,4.62,前平举,标准,,不同哑铃重量: 3kg (数据丰富性); 不按节拍 (测试寻峰能力)
emg_13_qpj_1.mat,3,9243,13663,4.62,6.83,前平举,标准,,不同哑铃重量: 3kg (数据丰富性); 不按节拍 (测试寻峰能力)
emg_13_qpj_1.mat,4,13663,18873,6.83,9.44,前平举,标准,,不同哑铃重量: 3kg (数据丰富性); 不按节拍 (测试寻峰能力)
emg_13_qpj_1.mat,5,18873,24476,9.44,12.24,前平举,标准,,不同哑铃重量: 3kg (数据丰富性); 不按节拍 (测试寻峰能力)
emg_13_tj_1.mat,1,1892,11440,0.95,5.72,推肩,不标准,疑似中束代偿,中束/前束RMS比值=1.92; 不同哑铃重量: 3kg (数据丰富性); 不按节拍 (测试寻峰能力)
emg_13_tj_1.mat,2,11440,19272,5.72,9.64,推肩,不标准,疑似中束代偿,中束/前束RMS比值=2.13; 不同哑铃重量: 3kg (数据丰富性); 不按节拍 (测试寻峰能力)
emg_14_qpj_1.mat,1,0,3913,0.0,1.96,前平举,不标准,其他不标准,中束/前束RMS比值=0.81; 不同哑铃重量: 2.5kg (数据丰富性); 不按节拍 (测试寻峰能力)
emg_14_qpj_1.mat,2,3913,8234,1.96,4.12,前平举,标准,,不同哑铃重量: 2.5kg (数据丰富性); 不按节拍 (测试寻峰能力)
emg_14_qpj_1.mat,3,8234,12491,4.12,6.25,前平举,标准,,不同哑铃重量: 2.5kg (数据丰富性); 不按节拍 (测试寻峰能力)
emg_14_qpj_1.mat,4,12491,17452,6.25,8.73,前平举,标准,,不同哑铃重量: 2.5kg (数据丰富性); 不按节拍 (测试寻峰能力)
emg_14_qpj_1.mat,5,17452,22081,8.73,11.04,前平举,标准,,不同哑铃重量: 2.5kg (数据丰富性); 不按节拍 (测试寻峰能力)
emg_15_qpj_1.mat,1,0,3123,0.0,1.56,前平举,标准,,不同哑铃重量: 5kg (数据丰富性); 不按节拍 (测试寻峰能力)
emg_15_qpj_1.mat,2,3123,8662,1.56,4.33,前平举,不标准,其他不标准,中束/前束RMS比值=0.88; 不同哑铃重量: 5kg (数据丰富性); 不按节拍 (测试寻峰能力)
emg_15_qpj_1.mat,3,8662,13279,4.33,6.64,前平举,标准,,不同哑铃重量: 5kg (数据丰富性); 不按节拍 (测试寻峰能力)
emg_15_qpj_1.mat,4,13279,17214,6.64,8.61,前平举,标准,,不同哑铃重量: 5kg (数据丰富性); 不按节拍 (测试寻峰能力)
emg_15_qpj_1.mat,5,17214,21676,8.61,10.84,前平举,不标准,疑似中束代偿,中束/前束RMS比值=1.05; 不同哑铃重量: 5kg (数据丰富性); 不按节拍 (测试寻峰能力)
